sku,handle,name,category,category_slug,vendor,unit,price,currency,price_type,in_stock,stock_qty,description,image_count,primary_image,source_url
HP-PWR-CUSTOM,customize-your-own-power-pod,Customize your own Power Pod,Power Pods,power-pods,Hydropod,1 unit,100.0,INR,quote,False,0,"The Innovative Dual-Vessel System is designed for customized filtration and softening combinations , ensuring optimal purification for complex water conditions.",2,hp-pwr-custom-1.webp,https://hydropod.in/products/customize-your-own-power-pod
HP-PWR-FILTHEXA,filt-pod-hexa-pod,Filt Pod + Hexa Pod,Power Pods,power-pods,Hydropod,1 unit,100.0,INR,quote,False,0,"The Innovative Dual-Vessel System is designed for customized filtration and softening combinations , ensuring optimal purification for complex water conditions.",2,hp-pwr-filthexa-1.webp,https://hydropod.in/products/filt-pod-hexa-pod
HP-PWR-CARBOPURPLE,carbo-pod-purple-pod,Carbo Pod + Purple Pod,Power Pods,power-pods,Hydropod,1 unit,100.0,INR,quote,False,0,"The Innovative Dual-Vessel System is designed for customized filtration and softening combinations , ensuring optimal purification for complex water conditions.",2,hp-pwr-carbopurple-1.webp,https://hydropod.in/products/carbo-pod-purple-pod
HP-PWR-FILTPURPLE,filt-pod-purple-pod,Filt Pod + Purple Pod,Power Pods,power-pods,Hydropod,1 unit,0.0,INR,quote,False,0,"The Innovative Dual-Vessel System is designed for customized filtration and softening combinations , ensuring optimal purification for complex water conditions.",2,hp-pwr-filtpurple-1.webp,https://hydropod.in/products/filt-pod-purple-pod
HP-VLV-TWIN,twin-valve,Twin Valve,Control Valves,control-valves,Hydropod,1 valve,1200.0,INR,listed,False,0,Specifically engineered for filtration applications.,1,hp-vlv-twin-1.webp,https://hydropod.in/products/twin-valve
HP-VLV-SOFT,softner-valve,Softener Valve,Control Valves,control-valves,Hydropod,1 valve,700.0,INR,listed,True,25,"Superior Piston based technology for better control, easy repairability & longer life",1,hp-vlv-soft-1.webp,https://hydropod.in/products/softner-valve
HP-VLV-FILT,filter-valve,Filter Valve,Control Valves,control-valves,Hydropod,1 valve,4000.0,INR,listed,True,25,Specifically engineered for filtration applications.,1,hp-vlv-filt-1.webp,https://hydropod.in/products/filter-valve
HP-DEF-HEAVYMETAL,heavy-metal-removal,Heavy Metal Removal,Defender,defender,Hydropod,1 cartridge,2000.0,INR,listed,True,25,Handles Inlet Levels: < 5 ppm,1,hp-def-heavymetal-1.webp,https://hydropod.in/products/heavy-metal-removal
HP-DEF-URANIUM,uranium-removal,Uranium Removal,Defender,defender,Hydropod,1 cartridge,2400.0,INR,listed,False,0,Handles Inlet Levels: < 1 ppm,1,hp-def-uranium-1.webp,https://hydropod.in/products/uranium-removal
HP-DEF-NITRATE,nitrate-removal,Nitrate Removal,Defender,defender,Hydropod,1 cartridge,800.0,INR,listed,True,25,Handles Inlet Levels: < 15 ppm,1,hp-def-nitrate-1.webp,https://hydropod.in/products/nitrate-removal
HP-DEF-FLUORIDE,fluoride-removal,Fluoride Removal,Defender,defender,Hydropod,1 cartridge,1900.0,INR,listed,True,25,Handles Inlet Levels: < 5 ppm,1,hp-def-fluoride-1.webp,https://hydropod.in/products/fluoride-removal
HP-DEF-IRON,iron-removal,Iron Removal,Defender,defender,Hydropod,1 cartridge,3300.0,INR,listed,True,25,Handles Inlet Levels: < 3 ppm,1,hp-def-iron-1.webp,https://hydropod.in/products/iron-removal
HP-DEF-ARSENIC,arsenic-removal,Arsenic Removal,Defender,defender,Hydropod,1 cartridge,3000.0,INR,listed,True,25,Handles Inlet Levels: < 1 ppm,1,hp-def-arsenic-1.webp,https://hydropod.in/products/arsenic-removal
HP-ACC-SALT,salt-pellets,Salt Pellets,Essential Accessories,essential-accessories,Hydropod,25 kg bag,500.0,INR,listed,True,25,Specifically engineered for Water Softening Applications.,1,hp-acc-salt-1.webp,https://hydropod.in/products/salt-pellets
HP-ACC-LIQ,liquicharge,LiquiCharge,Essential Accessories,essential-accessories,Hydropod,5 L can,500.0,INR,listed,True,25,Specifically engineered for Water Softening Applications.,1,hp-acc-liq-1.webp,https://hydropod.in/products/liquicharge
HP-ACC-RESIN,ion-exchange-resins,Ion Exchange Resins,Essential Accessories,essential-accessories,Hydropod,25 L bag,1300.0,INR,listed,True,25,"Being global leader in ion exchange resins, we leverage our expertise in polymer chemistry to deliver superior efficiency and durability.",1,hp-acc-resin-1.webp,https://hydropod.in/products/ion-exchange-resins
HP-ACC-MEDIA,filtration-media,Filtration Media,Essential Accessories,essential-accessories,Hydropod,per cu.ft,4800.0,INR,listed,True,25,"As one of India’s leading suppliers of water filtration solutions, Doshion brings its cutting edge filtration technologies to the HydroPod Division.",1,hp-acc-media-1.webp,https://hydropod.in/products/filtration-media
HP-DIP-CHAM,d-ionpure-chameleon,D-Ionpure Chameleon,D-Ionpure,d-ionpure,Hydropod,1 cartridge,750.0,INR,listed,True,25,Intelligent DM water solution with color-changing resin for real-time monitoring.,1,hp-dip-cham-1.webp,https://hydropod.in/products/d-ionpure-chameleon
HP-DIP-CAPS,d-ionpure-capsule,D-Ionpure Capsule,D-Ionpure,d-ionpure,Hydropod,1 cartridge,1850.0,INR,listed,True,25,Reliable medium-scale DM water solution.,1,hp-dip-caps-1.webp,https://hydropod.in/products/d-ionpure-capsule
HP-DIP-JUMBO,d-ionpure-jumbo,D-Ionpure Jumbo,D-Ionpure,d-ionpure,Hydropod,1 cartridge,620.0,INR,listed,True,25,High-capacity system for large-scale operations.,1,hp-dip-jumbo-1.webp,https://hydropod.in/products/d-ionpure-jumbo
HP-DIP-CART,d-ionpure-cartridge,D-Ionpure Cartridge,D-Ionpure,d-ionpure,Hydropod,1 cartridge,940.0,INR,listed,True,25,Compact and efficient design for small-scale use.,1,hp-dip-cart-1.webp,https://hydropod.in/products/d-ionpure-cartridge
HP-PWR-BASE,power-pods,Power Pods,Power Pods,power-pods,Hydropod,1 unit,200.0,INR,quote,True,25,"The Innovative Dual-Vessel System is designed for customized filtration and softening combinations , ensuring optimal purification for complex water conditions.",2,hp-pwr-base-1.webp,https://hydropod.in/products/power-pods
HP-SFT-OPTI,opti-pod,Opti Pod,HydroSoft,hydrosoft,Hydropod,1 unit,850.0,INR,listed,True,25,"This system is engineered to eliminate hardness and chlorine from water, thereby enhancing taste and eliminating odour . A reliable solution for safe, clean, and better-tasting water.",12,hp-sft-opti-1.webp,https://hydropod.in/products/opti-pod
HP-SFT-HEXA,hexa-pod,Hexa Pod,HydroSoft,hydrosoft,Hydropod,1 unit,530.0,INR,listed,True,25,"This advanced water treatment system is designed to remove six major contaminants , ensuring safe and reliable water quality for residential, commercial, and industrial applications.",12,hp-sft-hexa-1.webp,https://hydropod.in/products/hexa-pod
HP-SFT-PURPLE,purple-pod,Purple Pod,HydroSoft,hydrosoft,Hydropod,1 unit,1200.0,INR,listed,True,25,"High Efficiency Softening Equipment suitable for applications that involve direct contact with Food Processing Equipment or Drinking Water , ensuring safe and reliable softening performance.",12,hp-sft-purple-1.webp,https://hydropod.in/products/purple-pod
HP-SFT-AMBER,amber-pod,Amber Pod,HydroSoft,hydrosoft,Hydropod,1 unit,999.0,INR,listed,True,25,"Specialized Softening Appliance designed to soften water for standard water applications , ensuring better water quality for daily household and commercial needs.",12,hp-sft-amber-1.webp,https://hydropod.in/products/amber-pod
HP-CAP-IRON,iron-buster,Iron Buster,Hydro Cap,hydro-cap,Hydropod,1 unit,1100.0,INR,listed,True,25,"Advanced Water Filtration System designed to effectively eliminate Iron from water , ensuring clean, safe, and healthy usage in daily applications.",3,hp-cap-iron-1.webp,https://hydropod.in/products/iron-buster
HP-CAP-HEXA,hexa-buster,Hexa Buster,Hydro Cap,hydro-cap,Hydropod,1 unit,3500.0,INR,listed,True,25,"Cutting Edge Filtration System designed to eliminate six major contaminants including Calcium, Magnesium, Iron, Manganese, Nitrates, and Arsenic . It ensures safe and clean water even in challenging conditions.",3,hp-cap-hexa-1.webp,https://hydropod.in/products/hexa-buster
HP-CAP-PURPLE,purple-cap,Purple Cap,Hydro Cap,hydro-cap,Hydropod,1 unit,2840.0,INR,listed,True,25,Advanced and Cutting Edge Water Treatment Solution that uses that media used conforming to NSF/ANSI 44 and NSF/ANSI/CAN 61 to eliminate hardness-causing minerals from water. Specially designed for applications requiring Higher Efficiency Softening and safe direct contact with Food Processing or Drinking Water applications.,3,hp-cap-purple-1.webp,https://hydropod.in/products/purple-cap
HP-CAP-AMBER,amber-cap,Amber Cap,Hydro Cap,hydro-cap,Hydropod,1 unit,240.0,INR,listed,True,25,"Advanced and Cutting Edge Water Treatment Solution designed to effectively eliminate the hardness-causing minerals from water, ensuring better water quality for daily use.",3,hp-cap-amber-1.webp,https://hydropod.in/products/amber-cap
HP-FLT-IRON,iron-pod-1,Iron Pod,Hydrofilt,hydrofilt,Hydropod,1 unit,3500.0,INR,listed,True,25,Fully Automatic and Advanced Water Purification Solution that is designed to effectively eliminate the Iron present in the water,4,hp-flt-iron-1.webp,https://hydropod.in/products/iron-pod-1
HP-FLT-CARBO,carbo-pod,Carbo Pod,Hydrofilt,hydrofilt,Hydropod,1 unit,1200.0,INR,listed,True,25,"Fully Automatic and Advanced Water Purification Solution that is designed to effectively eliminate the Chlorine, Organics and Impurities",4,hp-flt-carbo-1.webp,https://hydropod.in/products/carbo-pod
HP-FLT-FILT,filt-pod-1,Filt Pod,Hydrofilt,hydrofilt,Hydropod,1 unit,980.0,INR,listed,True,25,"Filt Pod is a fully automatic and advanced water purification system designed to effectively eliminate TSS (Total Suspended Solids) and ensure cleaner, safer, and more efficient water purification.",3,hp-flt-filt-1.webp,https://hydropod.in/products/filt-pod-1
